symbol,date.x,price,start_date,end_date,event_id,date.y,company,model,notes,year,date_seq
DGS1,12/1/2023,4.66,18/12/2022,6/2/2023,1,6/2/2023,Google,Bard,First major Google AI release,2023,1
DGS1,13/1/2023,4.69,19/12/2022,7/2/2023,1,6/2/2023,Google,Bard,First major Google AI release,2023,2
DGS1,17/1/2023,4.67,23/12/2022,11/2/2023,1,6/2/2023,Google,Bard,First major Google AI release,2023,3
DGS1,18/1/2023,4.63,24/12/2022,12/2/2023,1,6/2/2023,Google,Bard,First major Google AI release,2023,4
DGS1,19/1/2023,4.65,25/12/2022,13/2/2023,1,6/2/2023,Google,Bard,First major Google AI release,2023,5
DGS1,20/1/2023,4.68,26/12/2022,14/2/2023,1,6/2/2023,Google,Bard,First major Google AI release,2023,6
DGS1,23/1/2023,4.7,29/12/2022,17/2/2023,1,6/2/2023,Google,Bard,First major Google AI release,2023,7
DGS1,24/1/2023,4.7,30/12/2022,18/2/2023,1,6/2/2023,Google,Bard,First major Google AI release,2023,8
DGS1,25/1/2023,4.67,31/12/2022,19/2/2023,1,6/2/2023,Google,Bard,First major Google AI release,2023,9
DGS1,26/1/2023,4.68,1/1/2023,20/2/2023,1,6/2/2023,Google,Bard,First major Google AI release,2023,10
DGS1,27/1/2023,4.68,2/1/2023,21/2/2023,1,6/2/2023,Google,Bard,First major Google AI release,2023,11
DGS1,30/1/2023,4.71,5/1/2023,24/2/2023,1,6/2/2023,Google,Bard,First major Google AI release,2023,12
DGS1,31/1/2023,4.68,6/1/2023,25/2/2023,1,6/2/2023,Google,Bard,First major Google AI release,2023,13
DGS1,1/2/2023,4.66,7/1/2023,26/2/2023,1,6/2/2023,Google,Bard,First major Google AI release,2023,14
DGS1,2/2/2023,4.64,8/1/2023,27/2/2023,1,6/2/2023,Google,Bard,First major Google AI release,2023,15
DGS1,3/2/2023,4.79,9/1/2023,28/2/2023,1,6/2/2023,Google,Bard,First major Google AI release,2023,16
DGS1,6/2/2023,4.85,12/1/2023,3/3/2023,1,6/2/2023,Google,Bard,First major Google AI release,2023,17
DGS1,7/2/2023,4.88,13/1/2023,4/3/2023,1,6/2/2023,Google,Bard,First major Google AI release,2023,18
DGS1,8/2/2023,4.87,14/1/2023,5/3/2023,1,6/2/2023,Google,Bard,First major Google AI release,2023,19
DGS1,9/2/2023,4.88,15/1/2023,6/3/2023,1,6/2/2023,Google,Bard,First major Google AI release,2023,20
DGS1,10/2/2023,4.89,16/1/2023,7/3/2023,1,6/2/2023,Google,Bard,First major Google AI release,2023,21
DGS1,13/2/2023,4.91,19/1/2023,10/3/2023,1,6/2/2023,Google,Bard,First major Google AI release,2023,22
DGS1,14/2/2023,4.99,20/1/2023,11/3/2023,1,6/2/2023,Google,Bard,First major Google AI release,2023,23
DGS1,15/2/2023,4.96,21/1/2023,12/3/2023,1,6/2/2023,Google,Bard,First major Google AI release,2023,24
DGS1,16/2/2023,4.99,22/1/2023,13/3/2023,1,6/2/2023,Google,Bard,First major Google AI release,2023,25
DGS1,17/2/2023,5,23/1/2023,14/3/2023,1,6/2/2023,Google,Bard,First major Google AI release,2023,26
DGS1,21/2/2023,5.07,27/1/2023,18/3/2023,1,6/2/2023,Google,Bard,First major Google AI release,2023,27
DGS1,22/2/2023,5.07,28/1/2023,19/3/2023,1,6/2/2023,Google,Bard,First major Google AI release,2023,28
DGS1,23/2/2023,5.03,29/1/2023,20/3/2023,1,6/2/2023,Google,Bard,First major Google AI release,2023,29
DGS1,24/2/2023,5.05,30/1/2023,21/3/2023,1,6/2/2023,Google,Bard,First major Google AI release,2023,30
DGS1,27/2/2023,5.03,2/2/2023,24/3/2023,1,6/2/2023,Google,Bard,First major Google AI release,2023,31
DGS1,28/2/2023,5.02,3/2/2023,25/3/2023,1,6/2/2023,Google,Bard,First major Google AI release,2023,32
DGS1,1/3/2023,5.06,4/2/2023,26/3/2023,1,6/2/2023,Google,Bard,First major Google AI release,2023,33
DGS1,2/3/2023,5.04,5/2/2023,27/3/2023,1,6/2/2023,Google,Bard,First major Google AI release,2023,34
DGS1,3/3/2023,5.03,6/2/2023,28/3/2023,1,6/2/2023,Google,Bard,First major Google AI release,2023,35
DGS1,17/2/2023,5,23/1/2023,14/3/2023,2,14/3/2023,OpenAI,ChatGPT-4,Major GPT-4 release,2023,1
DGS1,21/2/2023,5.07,27/1/2023,18/3/2023,2,14/3/2023,OpenAI,ChatGPT-4,Major GPT-4 release,2023,2
DGS1,22/2/2023,5.07,28/1/2023,19/3/2023,2,14/3/2023,OpenAI,ChatGPT-4,Major GPT-4 release,2023,3
DGS1,23/2/2023,5.03,29/1/2023,20/3/2023,2,14/3/2023,OpenAI,ChatGPT-4,Major GPT-4 release,2023,4
DGS1,24/2/2023,5.05,30/1/2023,21/3/2023,2,14/3/2023,OpenAI,ChatGPT-4,Major GPT-4 release,2023,5
DGS1,27/2/2023,5.03,2/2/2023,24/3/2023,2,14/3/2023,OpenAI,ChatGPT-4,Major GPT-4 release,2023,6
DGS1,28/2/2023,5.02,3/2/2023,25/3/2023,2,14/3/2023,OpenAI,ChatGPT-4,Major GPT-4 release,2023,7
DGS1,1/3/2023,5.06,4/2/2023,26/3/2023,2,14/3/2023,OpenAI,ChatGPT-4,Major GPT-4 release,2023,8
DGS1,2/3/2023,5.04,5/2/2023,27/3/2023,2,14/3/2023,OpenAI,ChatGPT-4,Major GPT-4 release,2023,9
DGS1,3/3/2023,5.03,6/2/2023,28/3/2023,2,14/3/2023,OpenAI,ChatGPT-4,Major GPT-4 release,2023,10
DGS1,6/3/2023,5.05,9/2/2023,31/3/2023,2,14/3/2023,OpenAI,ChatGPT-4,Major GPT-4 release,2023,11
DGS1,7/3/2023,5.22,10/2/2023,1/4/2023,2,14/3/2023,OpenAI,ChatGPT-4,Major GPT-4 release,2023,12
DGS1,8/3/2023,5.25,11/2/2023,2/4/2023,2,14/3/2023,OpenAI,ChatGPT-4,Major GPT-4 release,2023,13
DGS1,9/3/2023,5.18,12/2/2023,3/4/2023,2,14/3/2023,OpenAI,ChatGPT-4,Major GPT-4 release,2023,14
DGS1,10/3/2023,4.9,13/2/2023,4/4/2023,2,14/3/2023,OpenAI,ChatGPT-4,Major GPT-4 release,2023,15
DGS1,13/3/2023,4.3,16/2/2023,7/4/2023,2,14/3/2023,OpenAI,ChatGPT-4,Major GPT-4 release,2023,16
DGS1,14/3/2023,4.45,17/2/2023,8/4/2023,2,14/3/2023,OpenAI,ChatGPT-4,Major GPT-4 release,2023,17
DGS1,15/3/2023,4.19,18/2/2023,9/4/2023,2,14/3/2023,OpenAI,ChatGPT-4,Major GPT-4 release,2023,18
DGS1,16/3/2023,4.49,19/2/2023,10/4/2023,2,14/3/2023,OpenAI,ChatGPT-4,Major GPT-4 release,2023,19
DGS1,17/3/2023,4.26,20/2/2023,11/4/2023,2,14/3/2023,OpenAI,ChatGPT-4,Major GPT-4 release,2023,20
DGS1,20/3/2023,4.34,23/2/2023,14/4/2023,2,14/3/2023,OpenAI,ChatGPT-4,Major GPT-4 release,2023,21
DGS1,21/3/2023,4.68,24/2/2023,15/4/2023,2,14/3/2023,OpenAI,ChatGPT-4,Major GPT-4 release,2023,22
DGS1,22/3/2023,4.56,25/2/2023,16/4/2023,2,14/3/2023,OpenAI,ChatGPT-4,Major GPT-4 release,2023,23
DGS1,23/3/2023,4.38,26/2/2023,17/4/2023,2,14/3/2023,OpenAI,ChatGPT-4,Major GPT-4 release,2023,24
DGS1,24/3/2023,4.32,27/2/2023,18/4/2023,2,14/3/2023,OpenAI,ChatGPT-4,Major GPT-4 release,2023,25
DGS1,27/3/2023,4.51,2/3/2023,21/4/2023,2,14/3/2023,OpenAI,ChatGPT-4,Major GPT-4 release,2023,26
DGS1,28/3/2023,4.55,3/3/2023,22/4/2023,2,14/3/2023,OpenAI,ChatGPT-4,Major GPT-4 release,2023,27
DGS1,29/3/2023,4.59,4/3/2023,23/4/2023,2,14/3/2023,OpenAI,ChatGPT-4,Major GPT-4 release,2023,28
DGS1,30/3/2023,4.63,5/3/2023,24/4/2023,2,14/3/2023,OpenAI,ChatGPT-4,Major GPT-4 release,2023,29
DGS1,31/3/2023,4.64,6/3/2023,25/4/2023,2,14/3/2023,OpenAI,ChatGPT-4,Major GPT-4 release,2023,30
DGS1,3/4/2023,4.6,9/3/2023,28/4/2023,2,14/3/2023,OpenAI,ChatGPT-4,Major GPT-4 release,2023,31
DGS1,4/4/2023,4.5,10/3/2023,29/4/2023,2,14/3/2023,OpenAI,ChatGPT-4,Major GPT-4 release,2023,32
DGS1,5/4/2023,4.43,11/3/2023,30/4/2023,2,14/3/2023,OpenAI,ChatGPT-4,Major GPT-4 release,2023,33
DGS1,6/4/2023,4.51,12/3/2023,1/5/2023,2,14/3/2023,OpenAI,ChatGPT-4,Major GPT-4 release,2023,34
DGS1,7/4/2023,4.61,13/3/2023,2/5/2023,2,14/3/2023,OpenAI,ChatGPT-4,Major GPT-4 release,2023,35
DGS1,17/2/2023,5,23/1/2023,14/3/2023,3,14/3/2023,Anthropic,Claude 1,Same day as GPT-4,2023,1
DGS1,21/2/2023,5.07,27/1/2023,18/3/2023,3,14/3/2023,Anthropic,Claude 1,Same day as GPT-4,2023,2
DGS1,22/2/2023,5.07,28/1/2023,19/3/2023,3,14/3/2023,Anthropic,Claude 1,Same day as GPT-4,2023,3
DGS1,23/2/2023,5.03,29/1/2023,20/3/2023,3,14/3/2023,Anthropic,Claude 1,Same day as GPT-4,2023,4
DGS1,24/2/2023,5.05,30/1/2023,21/3/2023,3,14/3/2023,Anthropic,Claude 1,Same day as GPT-4,2023,5
DGS1,27/2/2023,5.03,2/2/2023,24/3/2023,3,14/3/2023,Anthropic,Claude 1,Same day as GPT-4,2023,6
DGS1,28/2/2023,5.02,3/2/2023,25/3/2023,3,14/3/2023,Anthropic,Claude 1,Same day as GPT-4,2023,7
DGS1,1/3/2023,5.06,4/2/2023,26/3/2023,3,14/3/2023,Anthropic,Claude 1,Same day as GPT-4,2023,8
DGS1,2/3/2023,5.04,5/2/2023,27/3/2023,3,14/3/2023,Anthropic,Claude 1,Same day as GPT-4,2023,9
DGS1,3/3/2023,5.03,6/2/2023,28/3/2023,3,14/3/2023,Anthropic,Claude 1,Same day as GPT-4,2023,10
DGS1,6/3/2023,5.05,9/2/2023,31/3/2023,3,14/3/2023,Anthropic,Claude 1,Same day as GPT-4,2023,11
DGS1,7/3/2023,5.22,10/2/2023,1/4/2023,3,14/3/2023,Anthropic,Claude 1,Same day as GPT-4,2023,12
DGS1,8/3/2023,5.25,11/2/2023,2/4/2023,3,14/3/2023,Anthropic,Claude 1,Same day as GPT-4,2023,13
DGS1,9/3/2023,5.18,12/2/2023,3/4/2023,3,14/3/2023,Anthropic,Claude 1,Same day as GPT-4,2023,14
DGS1,10/3/2023,4.9,13/2/2023,4/4/2023,3,14/3/2023,Anthropic,Claude 1,Same day as GPT-4,2023,15
DGS1,13/3/2023,4.3,16/2/2023,7/4/2023,3,14/3/2023,Anthropic,Claude 1,Same day as GPT-4,2023,16
DGS1,14/3/2023,4.45,17/2/2023,8/4/2023,3,14/3/2023,Anthropic,Claude 1,Same day as GPT-4,2023,17
DGS1,15/3/2023,4.19,18/2/2023,9/4/2023,3,14/3/2023,Anthropic,Claude 1,Same day as GPT-4,2023,18
DGS1,16/3/2023,4.49,19/2/2023,10/4/2023,3,14/3/2023,Anthropic,Claude 1,Same day as GPT-4,2023,19
DGS1,17/3/2023,4.26,20/2/2023,11/4/2023,3,14/3/2023,Anthropic,Claude 1,Same day as GPT-4,2023,20
DGS1,20/3/2023,4.34,23/2/2023,14/4/2023,3,14/3/2023,Anthropic,Claude 1,Same day as GPT-4,2023,21
DGS1,21/3/2023,4.68,24/2/2023,15/4/2023,3,14/3/2023,Anthropic,Claude 1,Same day as GPT-4,2023,22
DGS1,22/3/2023,4.56,25/2/2023,16/4/2023,3,14/3/2023,Anthropic,Claude 1,Same day as GPT-4,2023,23
DGS1,23/3/2023,4.38,26/2/2023,17/4/2023,3,14/3/2023,Anthropic,Claude 1,Same day as GPT-4,2023,24
DGS1,24/3/2023,4.32,27/2/2023,18/4/2023,3,14/3/2023,Anthropic,Claude 1,Same day as GPT-4,2023,25
DGS1,27/3/2023,4.51,2/3/2023,21/4/2023,3,14/3/2023,Anthropic,Claude 1,Same day as GPT-4,2023,26
DGS1,28/3/2023,4.55,3/3/2023,22/4/2023,3,14/3/2023,Anthropic,Claude 1,Same day as GPT-4,2023,27
DGS1,29/3/2023,4.59,4/3/2023,23/4/2023,3,14/3/2023,Anthropic,Claude 1,Same day as GPT-4,2023,28
DGS1,30/3/2023,4.63,5/3/2023,24/4/2023,3,14/3/2023,Anthropic,Claude 1,Same day as GPT-4,2023,29
DGS1,31/3/2023,4.64,6/3/2023,25/4/2023,3,14/3/2023,Anthropic,Claude 1,Same day as GPT-4,2023,30
DGS1,3/4/2023,4.6,9/3/2023,28/4/2023,3,14/3/2023,Anthropic,Claude 1,Same day as GPT-4,2023,31
DGS1,4/4/2023,4.5,10/3/2023,29/4/2023,3,14/3/2023,Anthropic,Claude 1,Same day as GPT-4,2023,32
DGS1,5/4/2023,4.43,11/3/2023,30/4/2023,3,14/3/2023,Anthropic,Claude 1,Same day as GPT-4,2023,33
DGS1,6/4/2023,4.51,12/3/2023,1/5/2023,3,14/3/2023,Anthropic,Claude 1,Same day as GPT-4,2023,34
DGS1,7/4/2023,4.61,13/3/2023,2/5/2023,3,14/3/2023,Anthropic,Claude 1,Same day as GPT-4,2023,35
DGS1,16/6/2023,5.24,22/5/2023,11/7/2023,4,11/7/2023,Anthropic,Claude 2,Improved Claude model,2023,1
DGS1,20/6/2023,5.24,26/5/2023,15/7/2023,4,11/7/2023,Anthropic,Claude 2,Improved Claude model,2023,2
DGS1,21/6/2023,5.25,27/5/2023,16/7/2023,4,11/7/2023,Anthropic,Claude 2,Improved Claude model,2023,3
DGS1,22/6/2023,5.29,28/5/2023,17/7/2023,4,11/7/2023,Anthropic,Claude 2,Improved Claude model,2023,4
DGS1,23/6/2023,5.25,29/5/2023,18/7/2023,4,11/7/2023,Anthropic,Claude 2,Improved Claude model,2023,5
DGS1,26/6/2023,5.27,1/6/2023,21/7/2023,4,11/7/2023,Anthropic,Claude 2,Improved Claude model,2023,6
DGS1,27/6/2023,5.33,2/6/2023,22/7/2023,4,11/7/2023,Anthropic,Claude 2,Improved Claude model,2023,7
DGS1,28/6/2023,5.32,3/6/2023,23/7/2023,4,11/7/2023,Anthropic,Claude 2,Improved Claude model,2023,8
DGS1,29/6/2023,5.41,4/6/2023,24/7/2023,4,11/7/2023,Anthropic,Claude 2,Improved Claude model,2023,9
DGS1,30/6/2023,5.4,5/6/2023,25/7/2023,4,11/7/2023,Anthropic,Claude 2,Improved Claude model,2023,10
DGS1,3/7/2023,5.43,8/6/2023,28/7/2023,4,11/7/2023,Anthropic,Claude 2,Improved Claude model,2023,11
DGS1,5/7/2023,5.4,10/6/2023,30/7/2023,4,11/7/2023,Anthropic,Claude 2,Improved Claude model,2023,12
DGS1,6/7/2023,5.44,11/6/2023,31/7/2023,4,11/7/2023,Anthropic,Claude 2,Improved Claude model,2023,13
DGS1,7/7/2023,5.41,12/6/2023,1/8/2023,4,11/7/2023,Anthropic,Claude 2,Improved Claude model,2023,14
DGS1,10/7/2023,5.38,15/6/2023,4/8/2023,4,11/7/2023,Anthropic,Claude 2,Improved Claude model,2023,15
DGS1,11/7/2023,5.44,16/6/2023,5/8/2023,4,11/7/2023,Anthropic,Claude 2,Improved Claude model,2023,16
DGS1,12/7/2023,5.35,17/6/2023,6/8/2023,4,11/7/2023,Anthropic,Claude 2,Improved Claude model,2023,17
DGS1,13/7/2023,5.27,18/6/2023,7/8/2023,4,11/7/2023,Anthropic,Claude 2,Improved Claude model,2023,18
DGS1,14/7/2023,5.34,19/6/2023,8/8/2023,4,11/7/2023,Anthropic,Claude 2,Improved Claude model,2023,19
DGS1,17/7/2023,5.33,22/6/2023,11/8/2023,4,11/7/2023,Anthropic,Claude 2,Improved Claude model,2023,20
DGS1,18/7/2023,5.32,23/6/2023,12/8/2023,4,11/7/2023,Anthropic,Claude 2,Improved Claude model,2023,21
DGS1,19/7/2023,5.32,24/6/2023,13/8/2023,4,11/7/2023,Anthropic,Claude 2,Improved Claude model,2023,22
DGS1,20/7/2023,5.35,25/6/2023,14/8/2023,4,11/7/2023,Anthropic,Claude 2,Improved Claude model,2023,23
DGS1,21/7/2023,5.35,26/6/2023,15/8/2023,4,11/7/2023,Anthropic,Claude 2,Improved Claude model,2023,24
DGS1,24/7/2023,5.38,29/6/2023,18/8/2023,4,11/7/2023,Anthropic,Claude 2,Improved Claude model,2023,25
DGS1,25/7/2023,5.38,30/6/2023,19/8/2023,4,11/7/2023,Anthropic,Claude 2,Improved Claude model,2023,26
DGS1,26/7/2023,5.37,1/7/2023,20/8/2023,4,11/7/2023,Anthropic,Claude 2,Improved Claude model,2023,27
DGS1,27/7/2023,5.4,2/7/2023,21/8/2023,4,11/7/2023,Anthropic,Claude 2,Improved Claude model,2023,28
DGS1,28/7/2023,5.37,3/7/2023,22/8/2023,4,11/7/2023,Anthropic,Claude 2,Improved Claude model,2023,29
DGS1,31/7/2023,5.37,6/7/2023,25/8/2023,4,11/7/2023,Anthropic,Claude 2,Improved Claude model,2023,30
DGS1,1/8/2023,5.38,7/7/2023,26/8/2023,4,11/7/2023,Anthropic,Claude 2,Improved Claude model,2023,31
DGS1,2/8/2023,5.36,8/7/2023,27/8/2023,4,11/7/2023,Anthropic,Claude 2,Improved Claude model,2023,32
DGS1,3/8/2023,5.37,9/7/2023,28/8/2023,4,11/7/2023,Anthropic,Claude 2,Improved Claude model,2023,33
DGS1,4/8/2023,5.33,10/7/2023,29/8/2023,4,11/7/2023,Anthropic,Claude 2,Improved Claude model,2023,34
DGS1,10/10/2023,5.37,15/9/2023,4/11/2023,5,3/11/2023,xAI,Grok 1,Elon Musk's AI company,2023,1
DGS1,11/10/2023,5.38,16/9/2023,5/11/2023,5,3/11/2023,xAI,Grok 1,Elon Musk's AI company,2023,2
DGS1,12/10/2023,5.43,17/9/2023,6/11/2023,5,3/11/2023,xAI,Grok 1,Elon Musk's AI company,2023,3
DGS1,13/10/2023,5.41,18/9/2023,7/11/2023,5,3/11/2023,xAI,Grok 1,Elon Musk's AI company,2023,4
DGS1,16/10/2023,5.42,21/9/2023,10/11/2023,5,3/11/2023,xAI,Grok 1,Elon Musk's AI company,2023,5
DGS1,17/10/2023,5.48,22/9/2023,11/11/2023,5,3/11/2023,xAI,Grok 1,Elon Musk's AI company,2023,6
DGS1,18/10/2023,5.47,23/9/2023,12/11/2023,5,3/11/2023,xAI,Grok 1,Elon Musk's AI company,2023,7
DGS1,19/10/2023,5.44,24/9/2023,13/11/2023,5,3/11/2023,xAI,Grok 1,Elon Musk's AI company,2023,8
DGS1,20/10/2023,5.41,25/9/2023,14/11/2023,5,3/11/2023,xAI,Grok 1,Elon Musk's AI company,2023,9
DGS1,23/10/2023,5.42,28/9/2023,17/11/2023,5,3/11/2023,xAI,Grok 1,Elon Musk's AI company,2023,10
DGS1,24/10/2023,5.41,29/9/2023,18/11/2023,5,3/11/2023,xAI,Grok 1,Elon Musk's AI company,2023,11
DGS1,25/10/2023,5.43,30/9/2023,19/11/2023,5,3/11/2023,xAI,Grok 1,Elon Musk's AI company,2023,12
DGS1,26/10/2023,5.39,1/10/2023,20/11/2023,5,3/11/2023,xAI,Grok 1,Elon Musk's AI company,2023,13
DGS1,27/10/2023,5.39,2/10/2023,21/11/2023,5,3/11/2023,xAI,Grok 1,Elon Musk's AI company,2023,14
DGS1,30/10/2023,5.41,5/10/2023,24/11/2023,5,3/11/2023,xAI,Grok 1,Elon Musk's AI company,2023,15
DGS1,31/10/2023,5.44,6/10/2023,25/11/2023,5,3/11/2023,xAI,Grok 1,Elon Musk's AI company,2023,16
DGS1,1/11/2023,5.37,7/10/2023,26/11/2023,5,3/11/2023,xAI,Grok 1,Elon Musk's AI company,2023,17
DGS1,2/11/2023,5.38,8/10/2023,27/11/2023,5,3/11/2023,xAI,Grok 1,Elon Musk's AI company,2023,18
DGS1,3/11/2023,5.29,9/10/2023,28/11/2023,5,3/11/2023,xAI,Grok 1,Elon Musk's AI company,2023,19
DGS1,6/11/2023,5.33,12/10/2023,1/12/2023,5,3/11/2023,xAI,Grok 1,Elon Musk's AI company,2023,20
DGS1,7/11/2023,5.33,13/10/2023,2/12/2023,5,3/11/2023,xAI,Grok 1,Elon Musk's AI company,2023,21
DGS1,8/11/2023,5.34,14/10/2023,3/12/2023,5,3/11/2023,xAI,Grok 1,Elon Musk's AI company,2023,22
DGS1,9/11/2023,5.39,15/10/2023,4/12/2023,5,3/11/2023,xAI,Grok 1,Elon Musk's AI company,2023,23
DGS1,10/11/2023,5.38,16/10/2023,5/12/2023,5,3/11/2023,xAI,Grok 1,Elon Musk's AI company,2023,24
DGS1,13/11/2023,5.37,19/10/2023,8/12/2023,5,3/11/2023,xAI,Grok 1,Elon Musk's AI company,2023,25
DGS1,14/11/2023,5.24,20/10/2023,9/12/2023,5,3/11/2023,xAI,Grok 1,Elon Musk's AI company,2023,26
DGS1,15/11/2023,5.27,21/10/2023,10/12/2023,5,3/11/2023,xAI,Grok 1,Elon Musk's AI company,2023,27
DGS1,16/11/2023,5.23,22/10/2023,11/12/2023,5,3/11/2023,xAI,Grok 1,Elon Musk's AI company,2023,28
DGS1,17/11/2023,5.24,23/10/2023,12/12/2023,5,3/11/2023,xAI,Grok 1,Elon Musk's AI company,2023,29
DGS1,20/11/2023,5.25,26/10/2023,15/12/2023,5,3/11/2023,xAI,Grok 1,Elon Musk's AI company,2023,30
DGS1,21/11/2023,5.24,27/10/2023,16/12/2023,5,3/11/2023,xAI,Grok 1,Elon Musk's AI company,2023,31
DGS1,22/11/2023,5.26,28/10/2023,17/12/2023,5,3/11/2023,xAI,Grok 1,Elon Musk's AI company,2023,32
DGS1,24/11/2023,5.27,30/10/2023,19/12/2023,5,3/11/2023,xAI,Grok 1,Elon Musk's AI company,2023,33
DGS1,27/11/2023,5.24,2/11/2023,22/12/2023,5,3/11/2023,xAI,Grok 1,Elon Musk's AI company,2023,34
DGS1,28/11/2023,5.21,3/11/2023,23/12/2023,5,3/11/2023,xAI,Grok 1,Elon Musk's AI company,2023,35
DGS1,27/10/2023,5.39,2/10/2023,21/11/2023,6,21/11/2023,Anthropic,Claude 2.1,Minor update,2023,1
DGS1,30/10/2023,5.41,5/10/2023,24/11/2023,6,21/11/2023,Anthropic,Claude 2.1,Minor update,2023,2
DGS1,31/10/2023,5.44,6/10/2023,25/11/2023,6,21/11/2023,Anthropic,Claude 2.1,Minor update,2023,3
DGS1,1/11/2023,5.37,7/10/2023,26/11/2023,6,21/11/2023,Anthropic,Claude 2.1,Minor update,2023,4
DGS1,2/11/2023,5.38,8/10/2023,27/11/2023,6,21/11/2023,Anthropic,Claude 2.1,Minor update,2023,5
DGS1,3/11/2023,5.29,9/10/2023,28/11/2023,6,21/11/2023,Anthropic,Claude 2.1,Minor update,2023,6
DGS1,6/11/2023,5.33,12/10/2023,1/12/2023,6,21/11/2023,Anthropic,Claude 2.1,Minor update,2023,7
DGS1,7/11/2023,5.33,13/10/2023,2/12/2023,6,21/11/2023,Anthropic,Claude 2.1,Minor update,2023,8
DGS1,8/11/2023,5.34,14/10/2023,3/12/2023,6,21/11/2023,Anthropic,Claude 2.1,Minor update,2023,9
DGS1,9/11/2023,5.39,15/10/2023,4/12/2023,6,21/11/2023,Anthropic,Claude 2.1,Minor update,2023,10
DGS1,10/11/2023,5.38,16/10/2023,5/12/2023,6,21/11/2023,Anthropic,Claude 2.1,Minor update,2023,11
DGS1,13/11/2023,5.37,19/10/2023,8/12/2023,6,21/11/2023,Anthropic,Claude 2.1,Minor update,2023,12
DGS1,14/11/2023,5.24,20/10/2023,9/12/2023,6,21/11/2023,Anthropic,Claude 2.1,Minor update,2023,13
DGS1,15/11/2023,5.27,21/10/2023,10/12/2023,6,21/11/2023,Anthropic,Claude 2.1,Minor update,2023,14
DGS1,16/11/2023,5.23,22/10/2023,11/12/2023,6,21/11/2023,Anthropic,Claude 2.1,Minor update,2023,15
DGS1,17/11/2023,5.24,23/10/2023,12/12/2023,6,21/11/2023,Anthropic,Claude 2.1,Minor update,2023,16
DGS1,20/11/2023,5.25,26/10/2023,15/12/2023,6,21/11/2023,Anthropic,Claude 2.1,Minor update,2023,17
DGS1,21/11/2023,5.24,27/10/2023,16/12/2023,6,21/11/2023,Anthropic,Claude 2.1,Minor update,2023,18
DGS1,22/11/2023,5.26,28/10/2023,17/12/2023,6,21/11/2023,Anthropic,Claude 2.1,Minor update,2023,19
DGS1,24/11/2023,5.27,30/10/2023,19/12/2023,6,21/11/2023,Anthropic,Claude 2.1,Minor update,2023,20
DGS1,27/11/2023,5.24,2/11/2023,22/12/2023,6,21/11/2023,Anthropic,Claude 2.1,Minor update,2023,21
DGS1,28/11/2023,5.21,3/11/2023,23/12/2023,6,21/11/2023,Anthropic,Claude 2.1,Minor update,2023,22
DGS1,29/11/2023,5.12,4/11/2023,24/12/2023,6,21/11/2023,Anthropic,Claude 2.1,Minor update,2023,23
DGS1,30/11/2023,5.16,5/11/2023,25/12/2023,6,21/11/2023,Anthropic,Claude 2.1,Minor update,2023,24
DGS1,1/12/2023,5.05,6/11/2023,26/12/2023,6,21/11/2023,Anthropic,Claude 2.1,Minor update,2023,25
DGS1,4/12/2023,5.1,9/11/2023,29/12/2023,6,21/11/2023,Anthropic,Claude 2.1,Minor update,2023,26
DGS1,5/12/2023,5.06,10/11/2023,30/12/2023,6,21/11/2023,Anthropic,Claude 2.1,Minor update,2023,27
DGS1,6/12/2023,5.07,11/11/2023,31/12/2023,6,21/11/2023,Anthropic,Claude 2.1,Minor update,2023,28
DGS1,7/12/2023,5.05,12/11/2023,1/1/2024,6,21/11/2023,Anthropic,Claude 2.1,Minor update,2023,29
DGS1,8/12/2023,5.13,13/11/2023,2/1/2024,6,21/11/2023,Anthropic,Claude 2.1,Minor update,2023,30
DGS1,11/12/2023,5.14,16/11/2023,5/1/2024,6,21/11/2023,Anthropic,Claude 2.1,Minor update,2023,31
DGS1,12/12/2023,5.14,17/11/2023,6/1/2024,6,21/11/2023,Anthropic,Claude 2.1,Minor update,2023,32
DGS1,13/12/2023,4.94,18/11/2023,7/1/2024,6,21/11/2023,Anthropic,Claude 2.1,Minor update,2023,33
DGS1,14/12/2023,4.9,19/11/2023,8/1/2024,6,21/11/2023,Anthropic,Claude 2.1,Minor update,2023,34
DGS1,15/12/2023,4.95,20/11/2023,9/1/2024,6,21/11/2023,Anthropic,Claude 2.1,Minor update,2023,35
DGS1,13/11/2023,5.37,19/10/2023,8/12/2023,7,6/12/2023,Google,Gemini Pro 1.0,Google's flagship model,2023,1
DGS1,14/11/2023,5.24,20/10/2023,9/12/2023,7,6/12/2023,Google,Gemini Pro 1.0,Google's flagship model,2023,2
DGS1,15/11/2023,5.27,21/10/2023,10/12/2023,7,6/12/2023,Google,Gemini Pro 1.0,Google's flagship model,2023,3
DGS1,16/11/2023,5.23,22/10/2023,11/12/2023,7,6/12/2023,Google,Gemini Pro 1.0,Google's flagship model,2023,4
DGS1,17/11/2023,5.24,23/10/2023,12/12/2023,7,6/12/2023,Google,Gemini Pro 1.0,Google's flagship model,2023,5
DGS1,20/11/2023,5.25,26/10/2023,15/12/2023,7,6/12/2023,Google,Gemini Pro 1.0,Google's flagship model,2023,6
DGS1,21/11/2023,5.24,27/10/2023,16/12/2023,7,6/12/2023,Google,Gemini Pro 1.0,Google's flagship model,2023,7
DGS1,22/11/2023,5.26,28/10/2023,17/12/2023,7,6/12/2023,Google,Gemini Pro 1.0,Google's flagship model,2023,8
DGS1,24/11/2023,5.27,30/10/2023,19/12/2023,7,6/12/2023,Google,Gemini Pro 1.0,Google's flagship model,2023,9
DGS1,27/11/2023,5.24,2/11/2023,22/12/2023,7,6/12/2023,Google,Gemini Pro 1.0,Google's flagship model,2023,10
DGS1,28/11/2023,5.21,3/11/2023,23/12/2023,7,6/12/2023,Google,Gemini Pro 1.0,Google's flagship model,2023,11
DGS1,29/11/2023,5.12,4/11/2023,24/12/2023,7,6/12/2023,Google,Gemini Pro 1.0,Google's flagship model,2023,12
DGS1,30/11/2023,5.16,5/11/2023,25/12/2023,7,6/12/2023,Google,Gemini Pro 1.0,Google's flagship model,2023,13
DGS1,1/12/2023,5.05,6/11/2023,26/12/2023,7,6/12/2023,Google,Gemini Pro 1.0,Google's flagship model,2023,14
DGS1,4/12/2023,5.1,9/11/2023,29/12/2023,7,6/12/2023,Google,Gemini Pro 1.0,Google's flagship model,2023,15
DGS1,5/12/2023,5.06,10/11/2023,30/12/2023,7,6/12/2023,Google,Gemini Pro 1.0,Google's flagship model,2023,16
DGS1,6/12/2023,5.07,11/11/2023,31/12/2023,7,6/12/2023,Google,Gemini Pro 1.0,Google's flagship model,2023,17
DGS1,7/12/2023,5.05,12/11/2023,1/1/2024,7,6/12/2023,Google,Gemini Pro 1.0,Google's flagship model,2023,18
DGS1,8/12/2023,5.13,13/11/2023,2/1/2024,7,6/12/2023,Google,Gemini Pro 1.0,Google's flagship model,2023,19
DGS1,11/12/2023,5.14,16/11/2023,5/1/2024,7,6/12/2023,Google,Gemini Pro 1.0,Google's flagship model,2023,20
DGS1,12/12/2023,5.14,17/11/2023,6/1/2024,7,6/12/2023,Google,Gemini Pro 1.0,Google's flagship model,2023,21
DGS1,13/12/2023,4.94,18/11/2023,7/1/2024,7,6/12/2023,Google,Gemini Pro 1.0,Google's flagship model,2023,22
DGS1,14/12/2023,4.9,19/11/2023,8/1/2024,7,6/12/2023,Google,Gemini Pro 1.0,Google's flagship model,2023,23
DGS1,15/12/2023,4.95,20/11/2023,9/1/2024,7,6/12/2023,Google,Gemini Pro 1.0,Google's flagship model,2023,24
DGS1,18/12/2023,4.95,23/11/2023,12/1/2024,7,6/12/2023,Google,Gemini Pro 1.0,Google's flagship model,2023,25
DGS1,19/12/2023,4.93,24/11/2023,13/1/2024,7,6/12/2023,Google,Gemini Pro 1.0,Google's flagship model,2023,26
DGS1,20/12/2023,4.88,25/11/2023,14/1/2024,7,6/12/2023,Google,Gemini Pro 1.0,Google's flagship model,2023,27
DGS1,21/12/2023,4.84,26/11/2023,15/1/2024,7,6/12/2023,Google,Gemini Pro 1.0,Google's flagship model,2023,28
DGS1,22/12/2023,4.82,27/11/2023,16/1/2024,7,6/12/2023,Google,Gemini Pro 1.0,Google's flagship model,2023,29
DGS1,26/12/2023,4.83,1/12/2023,20/1/2024,7,6/12/2023,Google,Gemini Pro 1.0,Google's flagship model,2023,30
DGS1,27/12/2023,4.79,2/12/2023,21/1/2024,7,6/12/2023,Google,Gemini Pro 1.0,Google's flagship model,2023,31
DGS1,28/12/2023,4.82,3/12/2023,22/1/2024,7,6/12/2023,Google,Gemini Pro 1.0,Google's flagship model,2023,32
DGS1,29/12/2023,4.79,4/12/2023,23/1/2024,7,6/12/2023,Google,Gemini Pro 1.0,Google's flagship model,2023,33
DGS1,22/1/2024,4.83,28/12/2023,16/2/2024,8,15/2/2024,Google,Gemini Pro 1.5,Improved Gemini,2024,1
DGS1,23/1/2024,4.81,29/12/2023,17/2/2024,8,15/2/2024,Google,Gemini Pro 1.5,Improved Gemini,2024,2
DGS1,24/1/2024,4.83,30/12/2023,18/2/2024,8,15/2/2024,Google,Gemini Pro 1.5,Improved Gemini,2024,3
DGS1,25/1/2024,4.76,31/12/2023,19/2/2024,8,15/2/2024,Google,Gemini Pro 1.5,Improved Gemini,2024,4
DGS1,26/1/2024,4.78,1/1/2024,20/2/2024,8,15/2/2024,Google,Gemini Pro 1.5,Improved Gemini,2024,5
DGS1,29/1/2024,4.76,4/1/2024,23/2/2024,8,15/2/2024,Google,Gemini Pro 1.5,Improved Gemini,2024,6
DGS1,30/1/2024,4.8,5/1/2024,24/2/2024,8,15/2/2024,Google,Gemini Pro 1.5,Improved Gemini,2024,7
DGS1,31/1/2024,4.73,6/1/2024,25/2/2024,8,15/2/2024,Google,Gemini Pro 1.5,Improved Gemini,2024,8
DGS1,1/2/2024,4.68,7/1/2024,26/2/2024,8,15/2/2024,Google,Gemini Pro 1.5,Improved Gemini,2024,9
DGS1,2/2/2024,4.81,8/1/2024,27/2/2024,8,15/2/2024,Google,Gemini Pro 1.5,Improved Gemini,2024,10
DGS1,5/2/2024,4.87,11/1/2024,1/3/2024,8,15/2/2024,Google,Gemini Pro 1.5,Improved Gemini,2024,11
DGS1,6/2/2024,4.82,12/1/2024,2/3/2024,8,15/2/2024,Google,Gemini Pro 1.5,Improved Gemini,2024,12
DGS1,7/2/2024,4.83,13/1/2024,3/3/2024,8,15/2/2024,Google,Gemini Pro 1.5,Improved Gemini,2024,13
DGS1,8/2/2024,4.83,14/1/2024,4/3/2024,8,15/2/2024,Google,Gemini Pro 1.5,Improved Gemini,2024,14
DGS1,9/2/2024,4.86,15/1/2024,5/3/2024,8,15/2/2024,Google,Gemini Pro 1.5,Improved Gemini,2024,15
DGS1,12/2/2024,4.87,18/1/2024,8/3/2024,8,15/2/2024,Google,Gemini Pro 1.5,Improved Gemini,2024,16
DGS1,13/2/2024,4.99,19/1/2024,9/3/2024,8,15/2/2024,Google,Gemini Pro 1.5,Improved Gemini,2024,17
DGS1,14/2/2024,4.94,20/1/2024,10/3/2024,8,15/2/2024,Google,Gemini Pro 1.5,Improved Gemini,2024,18
DGS1,15/2/2024,4.93,21/1/2024,11/3/2024,8,15/2/2024,Google,Gemini Pro 1.5,Improved Gemini,2024,19
DGS1,16/2/2024,4.98,22/1/2024,12/3/2024,8,15/2/2024,Google,Gemini Pro 1.5,Improved Gemini,2024,20
DGS1,20/2/2024,4.97,26/1/2024,16/3/2024,8,15/2/2024,Google,Gemini Pro 1.5,Improved Gemini,2024,21
DGS1,21/2/2024,4.98,27/1/2024,17/3/2024,8,15/2/2024,Google,Gemini Pro 1.5,Improved Gemini,2024,22
DGS1,22/2/2024,5.02,28/1/2024,18/3/2024,8,15/2/2024,Google,Gemini Pro 1.5,Improved Gemini,2024,23
DGS1,23/2/2024,5,29/1/2024,19/3/2024,8,15/2/2024,Google,Gemini Pro 1.5,Improved Gemini,2024,24
DGS1,26/2/2024,5.03,1/2/2024,22/3/2024,8,15/2/2024,Google,Gemini Pro 1.5,Improved Gemini,2024,25
DGS1,27/2/2024,5.03,2/2/2024,23/3/2024,8,15/2/2024,Google,Gemini Pro 1.5,Improved Gemini,2024,26
DGS1,28/2/2024,5,3/2/2024,24/3/2024,8,15/2/2024,Google,Gemini Pro 1.5,Improved Gemini,2024,27
DGS1,29/2/2024,5.01,4/2/2024,25/3/2024,8,15/2/2024,Google,Gemini Pro 1.5,Improved Gemini,2024,28
DGS1,1/3/2024,4.94,5/2/2024,26/3/2024,8,15/2/2024,Google,Gemini Pro 1.5,Improved Gemini,2024,29
DGS1,4/3/2024,4.98,8/2/2024,29/3/2024,8,15/2/2024,Google,Gemini Pro 1.5,Improved Gemini,2024,30
DGS1,5/3/2024,4.94,9/2/2024,30/3/2024,8,15/2/2024,Google,Gemini Pro 1.5,Improved Gemini,2024,31
DGS1,6/3/2024,4.95,10/2/2024,31/3/2024,8,15/2/2024,Google,Gemini Pro 1.5,Improved Gemini,2024,32
DGS1,7/3/2024,4.93,11/2/2024,1/4/2024,8,15/2/2024,Google,Gemini Pro 1.5,Improved Gemini,2024,33
DGS1,8/3/2024,4.92,12/2/2024,2/4/2024,8,15/2/2024,Google,Gemini Pro 1.5,Improved Gemini,2024,34
DGS1,11/3/2024,4.95,15/2/2024,5/4/2024,8,15/2/2024,Google,Gemini Pro 1.5,Improved Gemini,2024,35
DGS1,8/2/2024,4.83,14/1/2024,4/3/2024,9,4/3/2024,Anthropic,Claude 3,Major Claude update,2024,1
DGS1,9/2/2024,4.86,15/1/2024,5/3/2024,9,4/3/2024,Anthropic,Claude 3,Major Claude update,2024,2
DGS1,12/2/2024,4.87,18/1/2024,8/3/2024,9,4/3/2024,Anthropic,Claude 3,Major Claude update,2024,3
DGS1,13/2/2024,4.99,19/1/2024,9/3/2024,9,4/3/2024,Anthropic,Claude 3,Major Claude update,2024,4
DGS1,14/2/2024,4.94,20/1/2024,10/3/2024,9,4/3/2024,Anthropic,Claude 3,Major Claude update,2024,5
DGS1,15/2/2024,4.93,21/1/2024,11/3/2024,9,4/3/2024,Anthropic,Claude 3,Major Claude update,2024,6
DGS1,16/2/2024,4.98,22/1/2024,12/3/2024,9,4/3/2024,Anthropic,Claude 3,Major Claude update,2024,7
DGS1,20/2/2024,4.97,26/1/2024,16/3/2024,9,4/3/2024,Anthropic,Claude 3,Major Claude update,2024,8
DGS1,21/2/2024,4.98,27/1/2024,17/3/2024,9,4/3/2024,Anthropic,Claude 3,Major Claude update,2024,9
DGS1,22/2/2024,5.02,28/1/2024,18/3/2024,9,4/3/2024,Anthropic,Claude 3,Major Claude update,2024,10
DGS1,23/2/2024,5,29/1/2024,19/3/2024,9,4/3/2024,Anthropic,Claude 3,Major Claude update,2024,11
DGS1,26/2/2024,5.03,1/2/2024,22/3/2024,9,4/3/2024,Anthropic,Claude 3,Major Claude update,2024,12
DGS1,27/2/2024,5.03,2/2/2024,23/3/2024,9,4/3/2024,Anthropic,Claude 3,Major Claude update,2024,13
DGS1,28/2/2024,5,3/2/2024,24/3/2024,9,4/3/2024,Anthropic,Claude 3,Major Claude update,2024,14
DGS1,29/2/2024,5.01,4/2/2024,25/3/2024,9,4/3/2024,Anthropic,Claude 3,Major Claude update,2024,15
DGS1,1/3/2024,4.94,5/2/2024,26/3/2024,9,4/3/2024,Anthropic,Claude 3,Major Claude update,2024,16
DGS1,4/3/2024,4.98,8/2/2024,29/3/2024,9,4/3/2024,Anthropic,Claude 3,Major Claude update,2024,17
DGS1,5/3/2024,4.94,9/2/2024,30/3/2024,9,4/3/2024,Anthropic,Claude 3,Major Claude update,2024,18
DGS1,6/3/2024,4.95,10/2/2024,31/3/2024,9,4/3/2024,Anthropic,Claude 3,Major Claude update,2024,19
DGS1,7/3/2024,4.93,11/2/2024,1/4/2024,9,4/3/2024,Anthropic,Claude 3,Major Claude update,2024,20
DGS1,8/3/2024,4.92,12/2/2024,2/4/2024,9,4/3/2024,Anthropic,Claude 3,Major Claude update,2024,21
DGS1,11/3/2024,4.95,15/2/2024,5/4/2024,9,4/3/2024,Anthropic,Claude 3,Major Claude update,2024,22
DGS1,12/3/2024,5,16/2/2024,6/4/2024,9,4/3/2024,Anthropic,Claude 3,Major Claude update,2024,23
DGS1,13/3/2024,5.01,17/2/2024,7/4/2024,9,4/3/2024,Anthropic,Claude 3,Major Claude update,2024,24
DGS1,14/3/2024,5.04,18/2/2024,8/4/2024,9,4/3/2024,Anthropic,Claude 3,Major Claude update,2024,25
DGS1,15/3/2024,5.05,19/2/2024,9/4/2024,9,4/3/2024,Anthropic,Claude 3,Major Claude update,2024,26
DGS1,18/3/2024,5.06,22/2/2024,12/4/2024,9,4/3/2024,Anthropic,Claude 3,Major Claude update,2024,27
DGS1,19/3/2024,5.06,23/2/2024,13/4/2024,9,4/3/2024,Anthropic,Claude 3,Major Claude update,2024,28
DGS1,20/3/2024,5.01,24/2/2024,14/4/2024,9,4/3/2024,Anthropic,Claude 3,Major Claude update,2024,29
DGS1,21/3/2024,5.01,25/2/2024,15/4/2024,9,4/3/2024,Anthropic,Claude 3,Major Claude update,2024,30
DGS1,22/3/2024,4.98,26/2/2024,16/4/2024,9,4/3/2024,Anthropic,Claude 3,Major Claude update,2024,31
DGS1,25/3/2024,5,29/2/2024,19/4/2024,9,4/3/2024,Anthropic,Claude 3,Major Claude update,2024,32
DGS1,26/3/2024,5,1/3/2024,20/4/2024,9,4/3/2024,Anthropic,Claude 3,Major Claude update,2024,33
DGS1,27/3/2024,4.99,2/3/2024,21/4/2024,9,4/3/2024,Anthropic,Claude 3,Major Claude update,2024,34
DGS1,28/3/2024,5.03,3/3/2024,22/4/2024,9,4/3/2024,Anthropic,Claude 3,Major Claude update,2024,35
DGS1,4/3/2024,4.98,8/2/2024,29/3/2024,10,28/3/2024,xAI,Grok 1.5,Improved Grok model,2024,1
DGS1,5/3/2024,4.94,9/2/2024,30/3/2024,10,28/3/2024,xAI,Grok 1.5,Improved Grok model,2024,2
DGS1,6/3/2024,4.95,10/2/2024,31/3/2024,10,28/3/2024,xAI,Grok 1.5,Improved Grok model,2024,3
DGS1,7/3/2024,4.93,11/2/2024,1/4/2024,10,28/3/2024,xAI,Grok 1.5,Improved Grok model,2024,4
DGS1,8/3/2024,4.92,12/2/2024,2/4/2024,10,28/3/2024,xAI,Grok 1.5,Improved Grok model,2024,5
DGS1,11/3/2024,4.95,15/2/2024,5/4/2024,10,28/3/2024,xAI,Grok 1.5,Improved Grok model,2024,6
DGS1,12/3/2024,5,16/2/2024,6/4/2024,10,28/3/2024,xAI,Grok 1.5,Improved Grok model,2024,7
DGS1,13/3/2024,5.01,17/2/2024,7/4/2024,10,28/3/2024,xAI,Grok 1.5,Improved Grok model,2024,8
DGS1,14/3/2024,5.04,18/2/2024,8/4/2024,10,28/3/2024,xAI,Grok 1.5,Improved Grok model,2024,9
DGS1,15/3/2024,5.05,19/2/2024,9/4/2024,10,28/3/2024,xAI,Grok 1.5,Improved Grok model,2024,10
DGS1,18/3/2024,5.06,22/2/2024,12/4/2024,10,28/3/2024,xAI,Grok 1.5,Improved Grok model,2024,11
DGS1,19/3/2024,5.06,23/2/2024,13/4/2024,10,28/3/2024,xAI,Grok 1.5,Improved Grok model,2024,12
DGS1,20/3/2024,5.01,24/2/2024,14/4/2024,10,28/3/2024,xAI,Grok 1.5,Improved Grok model,2024,13
DGS1,21/3/2024,5.01,25/2/2024,15/4/2024,10,28/3/2024,xAI,Grok 1.5,Improved Grok model,2024,14
DGS1,22/3/2024,4.98,26/2/2024,16/4/2024,10,28/3/2024,xAI,Grok 1.5,Improved Grok model,2024,15
DGS1,25/3/2024,5,29/2/2024,19/4/2024,10,28/3/2024,xAI,Grok 1.5,Improved Grok model,2024,16
DGS1,26/3/2024,5,1/3/2024,20/4/2024,10,28/3/2024,xAI,Grok 1.5,Improved Grok model,2024,17
DGS1,27/3/2024,4.99,2/3/2024,21/4/2024,10,28/3/2024,xAI,Grok 1.5,Improved Grok model,2024,18
DGS1,28/3/2024,5.03,3/3/2024,22/4/2024,10,28/3/2024,xAI,Grok 1.5,Improved Grok model,2024,19
DGS1,1/4/2024,5.06,7/3/2024,26/4/2024,10,28/3/2024,xAI,Grok 1.5,Improved Grok model,2024,20
DGS1,2/4/2024,5.05,8/3/2024,27/4/2024,10,28/3/2024,xAI,Grok 1.5,Improved Grok model,2024,21
DGS1,3/4/2024,5.03,9/3/2024,28/4/2024,10,28/3/2024,xAI,Grok 1.5,Improved Grok model,2024,22
DGS1,4/4/2024,5,10/3/2024,29/4/2024,10,28/3/2024,xAI,Grok 1.5,Improved Grok model,2024,23
DGS1,5/4/2024,5.05,11/3/2024,30/4/2024,10,28/3/2024,xAI,Grok 1.5,Improved Grok model,2024,24
DGS1,8/4/2024,5.07,14/3/2024,3/5/2024,10,28/3/2024,xAI,Grok 1.5,Improved Grok model,2024,25
DGS1,9/4/2024,5.03,15/3/2024,4/5/2024,10,28/3/2024,xAI,Grok 1.5,Improved Grok model,2024,26
DGS1,10/4/2024,5.19,16/3/2024,5/5/2024,10,28/3/2024,xAI,Grok 1.5,Improved Grok model,2024,27
DGS1,11/4/2024,5.17,17/3/2024,6/5/2024,10,28/3/2024,xAI,Grok 1.5,Improved Grok model,2024,28
DGS1,12/4/2024,5.13,18/3/2024,7/5/2024,10,28/3/2024,xAI,Grok 1.5,Improved Grok model,2024,29
DGS1,15/4/2024,5.16,21/3/2024,10/5/2024,10,28/3/2024,xAI,Grok 1.5,Improved Grok model,2024,30
DGS1,16/4/2024,5.18,22/3/2024,11/5/2024,10,28/3/2024,xAI,Grok 1.5,Improved Grok model,2024,31
DGS1,17/4/2024,5.16,23/3/2024,12/5/2024,10,28/3/2024,xAI,Grok 1.5,Improved Grok model,2024,32
DGS1,18/4/2024,5.18,24/3/2024,13/5/2024,10,28/3/2024,xAI,Grok 1.5,Improved Grok model,2024,33
DGS1,19/4/2024,5.17,25/3/2024,14/5/2024,10,28/3/2024,xAI,Grok 1.5,Improved Grok model,2024,34
DGS1,22/4/2024,5.16,28/3/2024,17/5/2024,10,28/3/2024,xAI,Grok 1.5,Improved Grok model,2024,35
DGS1,11/4/2024,5.17,17/3/2024,6/5/2024,11,6/5/2024,DeepSeek,DeepSeek V2,Chinese AI company,2024,1
DGS1,12/4/2024,5.13,18/3/2024,7/5/2024,11,6/5/2024,DeepSeek,DeepSeek V2,Chinese AI company,2024,2
DGS1,15/4/2024,5.16,21/3/2024,10/5/2024,11,6/5/2024,DeepSeek,DeepSeek V2,Chinese AI company,2024,3
DGS1,16/4/2024,5.18,22/3/2024,11/5/2024,11,6/5/2024,DeepSeek,DeepSeek V2,Chinese AI company,2024,4
DGS1,17/4/2024,5.16,23/3/2024,12/5/2024,11,6/5/2024,DeepSeek,DeepSeek V2,Chinese AI company,2024,5
DGS1,18/4/2024,5.18,24/3/2024,13/5/2024,11,6/5/2024,DeepSeek,DeepSeek V2,Chinese AI company,2024,6
DGS1,19/4/2024,5.17,25/3/2024,14/5/2024,11,6/5/2024,DeepSeek,DeepSeek V2,Chinese AI company,2024,7
DGS1,22/4/2024,5.16,28/3/2024,17/5/2024,11,6/5/2024,DeepSeek,DeepSeek V2,Chinese AI company,2024,8
DGS1,23/4/2024,5.14,29/3/2024,18/5/2024,11,6/5/2024,DeepSeek,DeepSeek V2,Chinese AI company,2024,9
DGS1,24/4/2024,5.17,30/3/2024,19/5/2024,11,6/5/2024,DeepSeek,DeepSeek V2,Chinese AI company,2024,10
DGS1,25/4/2024,5.21,31/3/2024,20/5/2024,11,6/5/2024,DeepSeek,DeepSeek V2,Chinese AI company,2024,11
DGS1,26/4/2024,5.21,1/4/2024,21/5/2024,11,6/5/2024,DeepSeek,DeepSeek V2,Chinese AI company,2024,12
DGS1,29/4/2024,5.2,4/4/2024,24/5/2024,11,6/5/2024,DeepSeek,DeepSeek V2,Chinese AI company,2024,13
DGS1,30/4/2024,5.25,5/4/2024,25/5/2024,11,6/5/2024,DeepSeek,DeepSeek V2,Chinese AI company,2024,14
DGS1,1/5/2024,5.21,6/4/2024,26/5/2024,11,6/5/2024,DeepSeek,DeepSeek V2,Chinese AI company,2024,15
DGS1,2/5/2024,5.16,7/4/2024,27/5/2024,11,6/5/2024,DeepSeek,DeepSeek V2,Chinese AI company,2024,16
DGS1,3/5/2024,5.12,8/4/2024,28/5/2024,11,6/5/2024,DeepSeek,DeepSeek V2,Chinese AI company,2024,17
DGS1,6/5/2024,5.12,11/4/2024,31/5/2024,11,6/5/2024,DeepSeek,DeepSeek V2,Chinese AI company,2024,18
DGS1,7/5/2024,5.13,12/4/2024,1/6/2024,11,6/5/2024,DeepSeek,DeepSeek V2,Chinese AI company,2024,19
DGS1,8/5/2024,5.13,13/4/2024,2/6/2024,11,6/5/2024,DeepSeek,DeepSeek V2,Chinese AI company,2024,20
DGS1,9/5/2024,5.12,14/4/2024,3/6/2024,11,6/5/2024,DeepSeek,DeepSeek V2,Chinese AI company,2024,21
DGS1,10/5/2024,5.17,15/4/2024,4/6/2024,11,6/5/2024,DeepSeek,DeepSeek V2,Chinese AI company,2024,22
DGS1,13/5/2024,5.16,18/4/2024,7/6/2024,11,6/5/2024,DeepSeek,DeepSeek V2,Chinese AI company,2024,23
DGS1,14/5/2024,5.16,19/4/2024,8/6/2024,11,6/5/2024,DeepSeek,DeepSeek V2,Chinese AI company,2024,24
DGS1,15/5/2024,5.1,20/4/2024,9/6/2024,11,6/5/2024,DeepSeek,DeepSeek V2,Chinese AI company,2024,25
DGS1,16/5/2024,5.13,21/4/2024,10/6/2024,11,6/5/2024,DeepSeek,DeepSeek V2,Chinese AI company,2024,26
DGS1,17/5/2024,5.14,22/4/2024,11/6/2024,11,6/5/2024,DeepSeek,DeepSeek V2,Chinese AI company,2024,27
DGS1,20/5/2024,5.15,25/4/2024,14/6/2024,11,6/5/2024,DeepSeek,DeepSeek V2,Chinese AI company,2024,28
DGS1,21/5/2024,5.14,26/4/2024,15/6/2024,11,6/5/2024,DeepSeek,DeepSeek V2,Chinese AI company,2024,29
DGS1,22/5/2024,5.16,27/4/2024,16/6/2024,11,6/5/2024,DeepSeek,DeepSeek V2,Chinese AI company,2024,30
DGS1,23/5/2024,5.2,28/4/2024,17/6/2024,11,6/5/2024,DeepSeek,DeepSeek V2,Chinese AI company,2024,31
DGS1,24/5/2024,5.21,29/4/2024,18/6/2024,11,6/5/2024,DeepSeek,DeepSeek V2,Chinese AI company,2024,32
DGS1,28/5/2024,5.21,3/5/2024,22/6/2024,11,6/5/2024,DeepSeek,DeepSeek V2,Chinese AI company,2024,33
DGS1,29/5/2024,5.22,4/5/2024,23/6/2024,11,6/5/2024,DeepSeek,DeepSeek V2,Chinese AI company,2024,34
DGS1,30/5/2024,5.19,5/5/2024,24/6/2024,11,6/5/2024,DeepSeek,DeepSeek V2,Chinese AI company,2024,35
DGS1,31/5/2024,5.18,6/5/2024,25/6/2024,11,6/5/2024,DeepSeek,DeepSeek V2,Chinese AI company,2024,36
DGS1,18/4/2024,5.18,24/3/2024,13/5/2024,12,13/5/2024,OpenAI,ChatGPT-4o,Multimodal GPT-4,2024,1
DGS1,19/4/2024,5.17,25/3/2024,14/5/2024,12,13/5/2024,OpenAI,ChatGPT-4o,Multimodal GPT-4,2024,2
DGS1,22/4/2024,5.16,28/3/2024,17/5/2024,12,13/5/2024,OpenAI,ChatGPT-4o,Multimodal GPT-4,2024,3
DGS1,23/4/2024,5.14,29/3/2024,18/5/2024,12,13/5/2024,OpenAI,ChatGPT-4o,Multimodal GPT-4,2024,4
DGS1,24/4/2024,5.17,30/3/2024,19/5/2024,12,13/5/2024,OpenAI,ChatGPT-4o,Multimodal GPT-4,2024,5
DGS1,25/4/2024,5.21,31/3/2024,20/5/2024,12,13/5/2024,OpenAI,ChatGPT-4o,Multimodal GPT-4,2024,6
DGS1,26/4/2024,5.21,1/4/2024,21/5/2024,12,13/5/2024,OpenAI,ChatGPT-4o,Multimodal GPT-4,2024,7
DGS1,29/4/2024,5.2,4/4/2024,24/5/2024,12,13/5/2024,OpenAI,ChatGPT-4o,Multimodal GPT-4,2024,8
DGS1,30/4/2024,5.25,5/4/2024,25/5/2024,12,13/5/2024,OpenAI,ChatGPT-4o,Multimodal GPT-4,2024,9
DGS1,1/5/2024,5.21,6/4/2024,26/5/2024,12,13/5/2024,OpenAI,ChatGPT-4o,Multimodal GPT-4,2024,10
DGS1,2/5/2024,5.16,7/4/2024,27/5/2024,12,13/5/2024,OpenAI,ChatGPT-4o,Multimodal GPT-4,2024,11
DGS1,3/5/2024,5.12,8/4/2024,28/5/2024,12,13/5/2024,OpenAI,ChatGPT-4o,Multimodal GPT-4,2024,12
DGS1,6/5/2024,5.12,11/4/2024,31/5/2024,12,13/5/2024,OpenAI,ChatGPT-4o,Multimodal GPT-4,2024,13
DGS1,7/5/2024,5.13,12/4/2024,1/6/2024,12,13/5/2024,OpenAI,ChatGPT-4o,Multimodal GPT-4,2024,14
DGS1,8/5/2024,5.13,13/4/2024,2/6/2024,12,13/5/2024,OpenAI,ChatGPT-4o,Multimodal GPT-4,2024,15
DGS1,9/5/2024,5.12,14/4/2024,3/6/2024,12,13/5/2024,OpenAI,ChatGPT-4o,Multimodal GPT-4,2024,16
DGS1,10/5/2024,5.17,15/4/2024,4/6/2024,12,13/5/2024,OpenAI,ChatGPT-4o,Multimodal GPT-4,2024,17
DGS1,13/5/2024,5.16,18/4/2024,7/6/2024,12,13/5/2024,OpenAI,ChatGPT-4o,Multimodal GPT-4,2024,18
DGS1,14/5/2024,5.16,19/4/2024,8/6/2024,12,13/5/2024,OpenAI,ChatGPT-4o,Multimodal GPT-4,2024,19
DGS1,15/5/2024,5.1,20/4/2024,9/6/2024,12,13/5/2024,OpenAI,ChatGPT-4o,Multimodal GPT-4,2024,20
DGS1,16/5/2024,5.13,21/4/2024,10/6/2024,12,13/5/2024,OpenAI,ChatGPT-4o,Multimodal GPT-4,2024,21
DGS1,17/5/2024,5.14,22/4/2024,11/6/2024,12,13/5/2024,OpenAI,ChatGPT-4o,Multimodal GPT-4,2024,22
DGS1,20/5/2024,5.15,25/4/2024,14/6/2024,12,13/5/2024,OpenAI,ChatGPT-4o,Multimodal GPT-4,2024,23
DGS1,21/5/2024,5.14,26/4/2024,15/6/2024,12,13/5/2024,OpenAI,ChatGPT-4o,Multimodal GPT-4,2024,24
DGS1,22/5/2024,5.16,27/4/2024,16/6/2024,12,13/5/2024,OpenAI,ChatGPT-4o,Multimodal GPT-4,2024,25
DGS1,23/5/2024,5.2,28/4/2024,17/6/2024,12,13/5/2024,OpenAI,ChatGPT-4o,Multimodal GPT-4,2024,26
DGS1,24/5/2024,5.21,29/4/2024,18/6/2024,12,13/5/2024,OpenAI,ChatGPT-4o,Multimodal GPT-4,2024,27
DGS1,28/5/2024,5.21,3/5/2024,22/6/2024,12,13/5/2024,OpenAI,ChatGPT-4o,Multimodal GPT-4,2024,28
DGS1,29/5/2024,5.22,4/5/2024,23/6/2024,12,13/5/2024,OpenAI,ChatGPT-4o,Multimodal GPT-4,2024,29
DGS1,30/5/2024,5.19,5/5/2024,24/6/2024,12,13/5/2024,OpenAI,ChatGPT-4o,Multimodal GPT-4,2024,30
DGS1,31/5/2024,5.18,6/5/2024,25/6/2024,12,13/5/2024,OpenAI,ChatGPT-4o,Multimodal GPT-4,2024,31
DGS1,3/6/2024,5.14,9/5/2024,28/6/2024,12,13/5/2024,OpenAI,ChatGPT-4o,Multimodal GPT-4,2024,32
DGS1,4/6/2024,5.11,10/5/2024,29/6/2024,12,13/5/2024,OpenAI,ChatGPT-4o,Multimodal GPT-4,2024,33
DGS1,5/6/2024,5.08,11/5/2024,30/6/2024,12,13/5/2024,OpenAI,ChatGPT-4o,Multimodal GPT-4,2024,34
DGS1,6/6/2024,5.08,12/5/2024,1/7/2024,12,13/5/2024,OpenAI,ChatGPT-4o,Multimodal GPT-4,2024,35
DGS1,7/6/2024,5.17,13/5/2024,2/7/2024,12,13/5/2024,OpenAI,ChatGPT-4o,Multimodal GPT-4,2024,36
DGS1,28/5/2024,5.21,3/5/2024,22/6/2024,13,20/6/2024,Anthropic,Claude 3.5 Sonnet,Advanced Claude,2024,1
DGS1,29/5/2024,5.22,4/5/2024,23/6/2024,13,20/6/2024,Anthropic,Claude 3.5 Sonnet,Advanced Claude,2024,2
DGS1,30/5/2024,5.19,5/5/2024,24/6/2024,13,20/6/2024,Anthropic,Claude 3.5 Sonnet,Advanced Claude,2024,3
DGS1,31/5/2024,5.18,6/5/2024,25/6/2024,13,20/6/2024,Anthropic,Claude 3.5 Sonnet,Advanced Claude,2024,4
DGS1,3/6/2024,5.14,9/5/2024,28/6/2024,13,20/6/2024,Anthropic,Claude 3.5 Sonnet,Advanced Claude,2024,5
DGS1,4/6/2024,5.11,10/5/2024,29/6/2024,13,20/6/2024,Anthropic,Claude 3.5 Sonnet,Advanced Claude,2024,6
DGS1,5/6/2024,5.08,11/5/2024,30/6/2024,13,20/6/2024,Anthropic,Claude 3.5 Sonnet,Advanced Claude,2024,7
DGS1,6/6/2024,5.08,12/5/2024,1/7/2024,13,20/6/2024,Anthropic,Claude 3.5 Sonnet,Advanced Claude,2024,8
DGS1,7/6/2024,5.17,13/5/2024,2/7/2024,13,20/6/2024,Anthropic,Claude 3.5 Sonnet,Advanced Claude,2024,9
DGS1,10/6/2024,5.16,16/5/2024,5/7/2024,13,20/6/2024,Anthropic,Claude 3.5 Sonnet,Advanced Claude,2024,10
DGS1,11/6/2024,5.17,17/5/2024,6/7/2024,13,20/6/2024,Anthropic,Claude 3.5 Sonnet,Advanced Claude,2024,11
DGS1,12/6/2024,5.13,18/5/2024,7/7/2024,13,20/6/2024,Anthropic,Claude 3.5 Sonnet,Advanced Claude,2024,12
DGS1,13/6/2024,5.07,19/5/2024,8/7/2024,13,20/6/2024,Anthropic,Claude 3.5 Sonnet,Advanced Claude,2024,13
DGS1,14/6/2024,5.07,20/5/2024,9/7/2024,13,20/6/2024,Anthropic,Claude 3.5 Sonnet,Advanced Claude,2024,14
DGS1,17/6/2024,5.11,23/5/2024,12/7/2024,13,20/6/2024,Anthropic,Claude 3.5 Sonnet,Advanced Claude,2024,15
DGS1,18/6/2024,5.09,24/5/2024,13/7/2024,13,20/6/2024,Anthropic,Claude 3.5 Sonnet,Advanced Claude,2024,16
DGS1,20/6/2024,5.1,26/5/2024,15/7/2024,13,20/6/2024,Anthropic,Claude 3.5 Sonnet,Advanced Claude,2024,17
DGS1,21/6/2024,5.1,27/5/2024,16/7/2024,13,20/6/2024,Anthropic,Claude 3.5 Sonnet,Advanced Claude,2024,18
DGS1,24/6/2024,5.1,30/5/2024,19/7/2024,13,20/6/2024,Anthropic,Claude 3.5 Sonnet,Advanced Claude,2024,19
DGS1,25/6/2024,5.1,31/5/2024,20/7/2024,13,20/6/2024,Anthropic,Claude 3.5 Sonnet,Advanced Claude,2024,20
DGS1,26/6/2024,5.13,1/6/2024,21/7/2024,13,20/6/2024,Anthropic,Claude 3.5 Sonnet,Advanced Claude,2024,21
DGS1,27/6/2024,5.1,2/6/2024,22/7/2024,13,20/6/2024,Anthropic,Claude 3.5 Sonnet,Advanced Claude,2024,22
DGS1,28/6/2024,5.09,3/6/2024,23/7/2024,13,20/6/2024,Anthropic,Claude 3.5 Sonnet,Advanced Claude,2024,23
DGS1,1/7/2024,5.1,6/6/2024,26/7/2024,13,20/6/2024,Anthropic,Claude 3.5 Sonnet,Advanced Claude,2024,24
DGS1,2/7/2024,5.07,7/6/2024,27/7/2024,13,20/6/2024,Anthropic,Claude 3.5 Sonnet,Advanced Claude,2024,25
DGS1,3/7/2024,5.04,8/6/2024,28/7/2024,13,20/6/2024,Anthropic,Claude 3.5 Sonnet,Advanced Claude,2024,26
DGS1,5/7/2024,4.98,10/6/2024,30/7/2024,13,20/6/2024,Anthropic,Claude 3.5 Sonnet,Advanced Claude,2024,27
DGS1,8/7/2024,4.99,13/6/2024,2/8/2024,13,20/6/2024,Anthropic,Claude 3.5 Sonnet,Advanced Claude,2024,28
DGS1,9/7/2024,5.02,14/6/2024,3/8/2024,13,20/6/2024,Anthropic,Claude 3.5 Sonnet,Advanced Claude,2024,29
DGS1,10/7/2024,5.01,15/6/2024,4/8/2024,13,20/6/2024,Anthropic,Claude 3.5 Sonnet,Advanced Claude,2024,30
DGS1,11/7/2024,4.91,16/6/2024,5/8/2024,13,20/6/2024,Anthropic,Claude 3.5 Sonnet,Advanced Claude,2024,31
DGS1,12/7/2024,4.87,17/6/2024,6/8/2024,13,20/6/2024,Anthropic,Claude 3.5 Sonnet,Advanced Claude,2024,32
DGS1,15/7/2024,4.85,20/6/2024,9/8/2024,13,20/6/2024,Anthropic,Claude 3.5 Sonnet,Advanced Claude,2024,33
DGS1,19/7/2024,4.87,24/6/2024,13/8/2024,14,13/8/2024,xAI,Grok 2,Major Grok update,2024,1
DGS1,22/7/2024,4.88,27/6/2024,16/8/2024,14,13/8/2024,xAI,Grok 2,Major Grok update,2024,2
DGS1,23/7/2024,4.85,28/6/2024,17/8/2024,14,13/8/2024,xAI,Grok 2,Major Grok update,2024,3
DGS1,24/7/2024,4.82,29/6/2024,18/8/2024,14,13/8/2024,xAI,Grok 2,Major Grok update,2024,4
DGS1,25/7/2024,4.83,30/6/2024,19/8/2024,14,13/8/2024,xAI,Grok 2,Major Grok update,2024,5
DGS1,26/7/2024,4.79,1/7/2024,20/8/2024,14,13/8/2024,xAI,Grok 2,Major Grok update,2024,6
DGS1,29/7/2024,4.79,4/7/2024,23/8/2024,14,13/8/2024,xAI,Grok 2,Major Grok update,2024,7
DGS1,30/7/2024,4.78,5/7/2024,24/8/2024,14,13/8/2024,xAI,Grok 2,Major Grok update,2024,8
DGS1,31/7/2024,4.73,6/7/2024,25/8/2024,14,13/8/2024,xAI,Grok 2,Major Grok update,2024,9
DGS1,1/8/2024,4.62,7/7/2024,26/8/2024,14,13/8/2024,xAI,Grok 2,Major Grok update,2024,10
DGS1,2/8/2024,4.33,8/7/2024,27/8/2024,14,13/8/2024,xAI,Grok 2,Major Grok update,2024,11
DGS1,5/8/2024,4.34,11/7/2024,30/8/2024,14,13/8/2024,xAI,Grok 2,Major Grok update,2024,12
DGS1,6/8/2024,4.46,12/7/2024,31/8/2024,14,13/8/2024,xAI,Grok 2,Major Grok update,2024,13
DGS1,7/8/2024,4.45,13/7/2024,1/9/2024,14,13/8/2024,xAI,Grok 2,Major Grok update,2024,14
DGS1,8/8/2024,4.48,14/7/2024,2/9/2024,14,13/8/2024,xAI,Grok 2,Major Grok update,2024,15
DGS1,9/8/2024,4.5,15/7/2024,3/9/2024,14,13/8/2024,xAI,Grok 2,Major Grok update,2024,16
DGS1,12/8/2024,4.47,18/7/2024,6/9/2024,14,13/8/2024,xAI,Grok 2,Major Grok update,2024,17
DGS1,13/8/2024,4.4,19/7/2024,7/9/2024,14,13/8/2024,xAI,Grok 2,Major Grok update,2024,18
DGS1,14/8/2024,4.42,20/7/2024,8/9/2024,14,13/8/2024,xAI,Grok 2,Major Grok update,2024,19
DGS1,15/8/2024,4.52,21/7/2024,9/9/2024,14,13/8/2024,xAI,Grok 2,Major Grok update,2024,20
DGS1,16/8/2024,4.49,22/7/2024,10/9/2024,14,13/8/2024,xAI,Grok 2,Major Grok update,2024,21
DGS1,19/8/2024,4.48,25/7/2024,13/9/2024,14,13/8/2024,xAI,Grok 2,Major Grok update,2024,22
DGS1,20/8/2024,4.43,26/7/2024,14/9/2024,14,13/8/2024,xAI,Grok 2,Major Grok update,2024,23
DGS1,21/8/2024,4.36,27/7/2024,15/9/2024,14,13/8/2024,xAI,Grok 2,Major Grok update,2024,24
DGS1,22/8/2024,4.43,28/7/2024,16/9/2024,14,13/8/2024,xAI,Grok 2,Major Grok update,2024,25
DGS1,23/8/2024,4.36,29/7/2024,17/9/2024,14,13/8/2024,xAI,Grok 2,Major Grok update,2024,26
DGS1,26/8/2024,4.38,1/8/2024,20/9/2024,14,13/8/2024,xAI,Grok 2,Major Grok update,2024,27
DGS1,27/8/2024,4.34,2/8/2024,21/9/2024,14,13/8/2024,xAI,Grok 2,Major Grok update,2024,28
DGS1,28/8/2024,4.36,3/8/2024,22/9/2024,14,13/8/2024,xAI,Grok 2,Major Grok update,2024,29
DGS1,29/8/2024,4.38,4/8/2024,23/9/2024,14,13/8/2024,xAI,Grok 2,Major Grok update,2024,30
DGS1,30/8/2024,4.38,5/8/2024,24/9/2024,14,13/8/2024,xAI,Grok 2,Major Grok update,2024,31
DGS1,3/9/2024,4.35,9/8/2024,28/9/2024,14,13/8/2024,xAI,Grok 2,Major Grok update,2024,32
DGS1,4/9/2024,4.23,10/8/2024,29/9/2024,14,13/8/2024,xAI,Grok 2,Major Grok update,2024,33
DGS1,5/9/2024,4.21,11/8/2024,30/9/2024,14,13/8/2024,xAI,Grok 2,Major Grok update,2024,34
DGS1,6/9/2024,4.1,12/8/2024,1/10/2024,14,13/8/2024,xAI,Grok 2,Major Grok update,2024,35
DGS1,12/8/2024,4.47,18/7/2024,6/9/2024,15,5/9/2024,DeepSeek,DeepSeek 2.5,Improved DeepSeek,2024,1
DGS1,13/8/2024,4.4,19/7/2024,7/9/2024,15,5/9/2024,DeepSeek,DeepSeek 2.5,Improved DeepSeek,2024,2
DGS1,14/8/2024,4.42,20/7/2024,8/9/2024,15,5/9/2024,DeepSeek,DeepSeek 2.5,Improved DeepSeek,2024,3
DGS1,15/8/2024,4.52,21/7/2024,9/9/2024,15,5/9/2024,DeepSeek,DeepSeek 2.5,Improved DeepSeek,2024,4
DGS1,16/8/2024,4.49,22/7/2024,10/9/2024,15,5/9/2024,DeepSeek,DeepSeek 2.5,Improved DeepSeek,2024,5
DGS1,19/8/2024,4.48,25/7/2024,13/9/2024,15,5/9/2024,DeepSeek,DeepSeek 2.5,Improved DeepSeek,2024,6
DGS1,20/8/2024,4.43,26/7/2024,14/9/2024,15,5/9/2024,DeepSeek,DeepSeek 2.5,Improved DeepSeek,2024,7
DGS1,21/8/2024,4.36,27/7/2024,15/9/2024,15,5/9/2024,DeepSeek,DeepSeek 2.5,Improved DeepSeek,2024,8
DGS1,22/8/2024,4.43,28/7/2024,16/9/2024,15,5/9/2024,DeepSeek,DeepSeek 2.5,Improved DeepSeek,2024,9
DGS1,23/8/2024,4.36,29/7/2024,17/9/2024,15,5/9/2024,DeepSeek,DeepSeek 2.5,Improved DeepSeek,2024,10
DGS1,26/8/2024,4.38,1/8/2024,20/9/2024,15,5/9/2024,DeepSeek,DeepSeek 2.5,Improved DeepSeek,2024,11
DGS1,27/8/2024,4.34,2/8/2024,21/9/2024,15,5/9/2024,DeepSeek,DeepSeek 2.5,Improved DeepSeek,2024,12
DGS1,28/8/2024,4.36,3/8/2024,22/9/2024,15,5/9/2024,DeepSeek,DeepSeek 2.5,Improved DeepSeek,2024,13
DGS1,29/8/2024,4.38,4/8/2024,23/9/2024,15,5/9/2024,DeepSeek,DeepSeek 2.5,Improved DeepSeek,2024,14
DGS1,30/8/2024,4.38,5/8/2024,24/9/2024,15,5/9/2024,DeepSeek,DeepSeek 2.5,Improved DeepSeek,2024,15
DGS1,3/9/2024,4.35,9/8/2024,28/9/2024,15,5/9/2024,DeepSeek,DeepSeek 2.5,Improved DeepSeek,2024,16
DGS1,4/9/2024,4.23,10/8/2024,29/9/2024,15,5/9/2024,DeepSeek,DeepSeek 2.5,Improved DeepSeek,2024,17
DGS1,5/9/2024,4.21,11/8/2024,30/9/2024,15,5/9/2024,DeepSeek,DeepSeek 2.5,Improved DeepSeek,2024,18
DGS1,6/9/2024,4.1,12/8/2024,1/10/2024,15,5/9/2024,DeepSeek,DeepSeek 2.5,Improved DeepSeek,2024,19
DGS1,9/9/2024,4.12,15/8/2024,4/10/2024,15,5/9/2024,DeepSeek,DeepSeek 2.5,Improved DeepSeek,2024,20
DGS1,10/9/2024,4.07,16/8/2024,5/10/2024,15,5/9/2024,DeepSeek,DeepSeek 2.5,Improved DeepSeek,2024,21
DGS1,11/9/2024,4.12,17/8/2024,6/10/2024,15,5/9/2024,DeepSeek,DeepSeek 2.5,Improved DeepSeek,2024,22
DGS1,12/9/2024,4.09,18/8/2024,7/10/2024,15,5/9/2024,DeepSeek,DeepSeek 2.5,Improved DeepSeek,2024,23
DGS1,13/9/2024,4,19/8/2024,8/10/2024,15,5/9/2024,DeepSeek,DeepSeek 2.5,Improved DeepSeek,2024,24
DGS1,16/9/2024,3.96,22/8/2024,11/10/2024,15,5/9/2024,DeepSeek,DeepSeek 2.5,Improved DeepSeek,2024,25
DGS1,17/9/2024,3.99,23/8/2024,12/10/2024,15,5/9/2024,DeepSeek,DeepSeek 2.5,Improved DeepSeek,2024,26
DGS1,18/9/2024,3.95,24/8/2024,13/10/2024,15,5/9/2024,DeepSeek,DeepSeek 2.5,Improved DeepSeek,2024,27
DGS1,19/9/2024,3.93,25/8/2024,14/10/2024,15,5/9/2024,DeepSeek,DeepSeek 2.5,Improved DeepSeek,2024,28
DGS1,20/9/2024,3.92,26/8/2024,15/10/2024,15,5/9/2024,DeepSeek,DeepSeek 2.5,Improved DeepSeek,2024,29
DGS1,23/9/2024,3.91,29/8/2024,18/10/2024,15,5/9/2024,DeepSeek,DeepSeek 2.5,Improved DeepSeek,2024,30
DGS1,24/9/2024,3.88,30/8/2024,19/10/2024,15,5/9/2024,DeepSeek,DeepSeek 2.5,Improved DeepSeek,2024,31
DGS1,25/9/2024,3.89,31/8/2024,20/10/2024,15,5/9/2024,DeepSeek,DeepSeek 2.5,Improved DeepSeek,2024,32
DGS1,26/9/2024,3.96,1/9/2024,21/10/2024,15,5/9/2024,DeepSeek,DeepSeek 2.5,Improved DeepSeek,2024,33
DGS1,27/9/2024,3.9,2/9/2024,22/10/2024,15,5/9/2024,DeepSeek,DeepSeek 2.5,Improved DeepSeek,2024,34
DGS1,30/9/2024,3.98,5/9/2024,25/10/2024,15,5/9/2024,DeepSeek,DeepSeek 2.5,Improved DeepSeek,2024,35
DGS1,12/11/2024,4.38,18/10/2024,7/12/2024,16,5/12/2024,OpenAI,o1,Reasoning model,2024,1
DGS1,13/11/2024,4.31,19/10/2024,8/12/2024,16,5/12/2024,OpenAI,o1,Reasoning model,2024,2
DGS1,14/11/2024,4.36,20/10/2024,9/12/2024,16,5/12/2024,OpenAI,o1,Reasoning model,2024,3
DGS1,15/11/2024,4.34,21/10/2024,10/12/2024,16,5/12/2024,OpenAI,o1,Reasoning model,2024,4
DGS1,18/11/2024,4.33,24/10/2024,13/12/2024,16,5/12/2024,OpenAI,o1,Reasoning model,2024,5
DGS1,19/11/2024,4.34,25/10/2024,14/12/2024,16,5/12/2024,OpenAI,o1,Reasoning model,2024,6
DGS1,20/11/2024,4.37,26/10/2024,15/12/2024,16,5/12/2024,OpenAI,o1,Reasoning model,2024,7
DGS1,21/11/2024,4.39,27/10/2024,16/12/2024,16,5/12/2024,OpenAI,o1,Reasoning model,2024,8
DGS1,22/11/2024,4.42,28/10/2024,17/12/2024,16,5/12/2024,OpenAI,o1,Reasoning model,2024,9
DGS1,25/11/2024,4.37,31/10/2024,20/12/2024,16,5/12/2024,OpenAI,o1,Reasoning model,2024,10
DGS1,26/11/2024,4.37,1/11/2024,21/12/2024,16,5/12/2024,OpenAI,o1,Reasoning model,2024,11
DGS1,27/11/2024,4.34,2/11/2024,22/12/2024,16,5/12/2024,OpenAI,o1,Reasoning model,2024,12
DGS1,29/11/2024,4.3,4/11/2024,24/12/2024,16,5/12/2024,OpenAI,o1,Reasoning model,2024,13
DGS1,2/12/2024,4.3,7/11/2024,27/12/2024,16,5/12/2024,OpenAI,o1,Reasoning model,2024,14
DGS1,3/12/2024,4.27,8/11/2024,28/12/2024,16,5/12/2024,OpenAI,o1,Reasoning model,2024,15
DGS1,4/12/2024,4.23,9/11/2024,29/12/2024,16,5/12/2024,OpenAI,o1,Reasoning model,2024,16
DGS1,5/12/2024,4.23,10/11/2024,30/12/2024,16,5/12/2024,OpenAI,o1,Reasoning model,2024,17
DGS1,6/12/2024,4.19,11/11/2024,31/12/2024,16,5/12/2024,OpenAI,o1,Reasoning model,2024,18
DGS1,9/12/2024,4.2,14/11/2024,3/1/2025,16,5/12/2024,OpenAI,o1,Reasoning model,2024,19
DGS1,10/12/2024,4.22,15/11/2024,4/1/2025,16,5/12/2024,OpenAI,o1,Reasoning model,2024,20
DGS1,11/12/2024,4.21,16/11/2024,5/1/2025,16,5/12/2024,OpenAI,o1,Reasoning model,2024,21
DGS1,12/12/2024,4.22,17/11/2024,6/1/2025,16,5/12/2024,OpenAI,o1,Reasoning model,2024,22
DGS1,13/12/2024,4.24,18/11/2024,7/1/2025,16,5/12/2024,OpenAI,o1,Reasoning model,2024,23
DGS1,16/12/2024,4.24,21/11/2024,10/1/2025,16,5/12/2024,OpenAI,o1,Reasoning model,2024,24
DGS1,17/12/2024,4.25,22/11/2024,11/1/2025,16,5/12/2024,OpenAI,o1,Reasoning model,2024,25
DGS1,18/12/2024,4.3,23/11/2024,12/1/2025,16,5/12/2024,OpenAI,o1,Reasoning model,2024,26
DGS1,19/12/2024,4.28,24/11/2024,13/1/2025,16,5/12/2024,OpenAI,o1,Reasoning model,2024,27
DGS1,20/12/2024,4.27,25/11/2024,14/1/2025,16,5/12/2024,OpenAI,o1,Reasoning model,2024,28
DGS1,23/12/2024,4.26,28/11/2024,17/1/2025,16,5/12/2024,OpenAI,o1,Reasoning model,2024,29
DGS1,24/12/2024,4.24,29/11/2024,18/1/2025,16,5/12/2024,OpenAI,o1,Reasoning model,2024,30
DGS1,26/12/2024,4.23,1/12/2024,20/1/2025,16,5/12/2024,OpenAI,o1,Reasoning model,2024,31
DGS1,27/12/2024,4.2,2/12/2024,21/1/2025,16,5/12/2024,OpenAI,o1,Reasoning model,2024,32
DGS1,30/12/2024,4.17,5/12/2024,24/1/2025,16,5/12/2024,OpenAI,o1,Reasoning model,2024,33
DGS1,18/11/2024,4.33,24/10/2024,13/12/2024,17,11/12/2024,Google,Gemini 2.0,Latest Gemini,2024,1
DGS1,19/11/2024,4.34,25/10/2024,14/12/2024,17,11/12/2024,Google,Gemini 2.0,Latest Gemini,2024,2
DGS1,20/11/2024,4.37,26/10/2024,15/12/2024,17,11/12/2024,Google,Gemini 2.0,Latest Gemini,2024,3
DGS1,21/11/2024,4.39,27/10/2024,16/12/2024,17,11/12/2024,Google,Gemini 2.0,Latest Gemini,2024,4
DGS1,22/11/2024,4.42,28/10/2024,17/12/2024,17,11/12/2024,Google,Gemini 2.0,Latest Gemini,2024,5
DGS1,25/11/2024,4.37,31/10/2024,20/12/2024,17,11/12/2024,Google,Gemini 2.0,Latest Gemini,2024,6
DGS1,26/11/2024,4.37,1/11/2024,21/12/2024,17,11/12/2024,Google,Gemini 2.0,Latest Gemini,2024,7
DGS1,27/11/2024,4.34,2/11/2024,22/12/2024,17,11/12/2024,Google,Gemini 2.0,Latest Gemini,2024,8
DGS1,29/11/2024,4.3,4/11/2024,24/12/2024,17,11/12/2024,Google,Gemini 2.0,Latest Gemini,2024,9
DGS1,2/12/2024,4.3,7/11/2024,27/12/2024,17,11/12/2024,Google,Gemini 2.0,Latest Gemini,2024,10
DGS1,3/12/2024,4.27,8/11/2024,28/12/2024,17,11/12/2024,Google,Gemini 2.0,Latest Gemini,2024,11
DGS1,4/12/2024,4.23,9/11/2024,29/12/2024,17,11/12/2024,Google,Gemini 2.0,Latest Gemini,2024,12
DGS1,5/12/2024,4.23,10/11/2024,30/12/2024,17,11/12/2024,Google,Gemini 2.0,Latest Gemini,2024,13
DGS1,6/12/2024,4.19,11/11/2024,31/12/2024,17,11/12/2024,Google,Gemini 2.0,Latest Gemini,2024,14
DGS1,9/12/2024,4.2,14/11/2024,3/1/2025,17,11/12/2024,Google,Gemini 2.0,Latest Gemini,2024,15
DGS1,10/12/2024,4.22,15/11/2024,4/1/2025,17,11/12/2024,Google,Gemini 2.0,Latest Gemini,2024,16
DGS1,11/12/2024,4.21,16/11/2024,5/1/2025,17,11/12/2024,Google,Gemini 2.0,Latest Gemini,2024,17
DGS1,12/12/2024,4.22,17/11/2024,6/1/2025,17,11/12/2024,Google,Gemini 2.0,Latest Gemini,2024,18
DGS1,13/12/2024,4.24,18/11/2024,7/1/2025,17,11/12/2024,Google,Gemini 2.0,Latest Gemini,2024,19
DGS1,16/12/2024,4.24,21/11/2024,10/1/2025,17,11/12/2024,Google,Gemini 2.0,Latest Gemini,2024,20
DGS1,17/12/2024,4.25,22/11/2024,11/1/2025,17,11/12/2024,Google,Gemini 2.0,Latest Gemini,2024,21
DGS1,18/12/2024,4.3,23/11/2024,12/1/2025,17,11/12/2024,Google,Gemini 2.0,Latest Gemini,2024,22
DGS1,19/12/2024,4.28,24/11/2024,13/1/2025,17,11/12/2024,Google,Gemini 2.0,Latest Gemini,2024,23
DGS1,20/12/2024,4.27,25/11/2024,14/1/2025,17,11/12/2024,Google,Gemini 2.0,Latest Gemini,2024,24
DGS1,23/12/2024,4.26,28/11/2024,17/1/2025,17,11/12/2024,Google,Gemini 2.0,Latest Gemini,2024,25
DGS1,24/12/2024,4.24,29/11/2024,18/1/2025,17,11/12/2024,Google,Gemini 2.0,Latest Gemini,2024,26
DGS1,26/12/2024,4.23,1/12/2024,20/1/2025,17,11/12/2024,Google,Gemini 2.0,Latest Gemini,2024,27
DGS1,27/12/2024,4.2,2/12/2024,21/1/2025,17,11/12/2024,Google,Gemini 2.0,Latest Gemini,2024,28
DGS1,30/12/2024,4.17,5/12/2024,24/1/2025,17,11/12/2024,Google,Gemini 2.0,Latest Gemini,2024,29
DGS1,31/12/2024,4.16,6/12/2024,25/1/2025,17,11/12/2024,Google,Gemini 2.0,Latest Gemini,2024,30
DGS1,2/1/2025,4.17,8/12/2024,27/1/2025,17,11/12/2024,Google,Gemini 2.0,Latest Gemini,2024,31
DGS1,3/1/2025,4.18,9/12/2024,28/1/2025,17,11/12/2024,Google,Gemini 2.0,Latest Gemini,2024,32
DGS1,2/12/2024,4.3,7/11/2024,27/12/2024,18,26/12/2024,DeepSeek,DeepSeek V3,Latest DeepSeek,2024,1
DGS1,3/12/2024,4.27,8/11/2024,28/12/2024,18,26/12/2024,DeepSeek,DeepSeek V3,Latest DeepSeek,2024,2
DGS1,4/12/2024,4.23,9/11/2024,29/12/2024,18,26/12/2024,DeepSeek,DeepSeek V3,Latest DeepSeek,2024,3
DGS1,5/12/2024,4.23,10/11/2024,30/12/2024,18,26/12/2024,DeepSeek,DeepSeek V3,Latest DeepSeek,2024,4
DGS1,6/12/2024,4.19,11/11/2024,31/12/2024,18,26/12/2024,DeepSeek,DeepSeek V3,Latest DeepSeek,2024,5
DGS1,9/12/2024,4.2,14/11/2024,3/1/2025,18,26/12/2024,DeepSeek,DeepSeek V3,Latest DeepSeek,2024,6
DGS1,10/12/2024,4.22,15/11/2024,4/1/2025,18,26/12/2024,DeepSeek,DeepSeek V3,Latest DeepSeek,2024,7
DGS1,11/12/2024,4.21,16/11/2024,5/1/2025,18,26/12/2024,DeepSeek,DeepSeek V3,Latest DeepSeek,2024,8
DGS1,12/12/2024,4.22,17/11/2024,6/1/2025,18,26/12/2024,DeepSeek,DeepSeek V3,Latest DeepSeek,2024,9
DGS1,13/12/2024,4.24,18/11/2024,7/1/2025,18,26/12/2024,DeepSeek,DeepSeek V3,Latest DeepSeek,2024,10
DGS1,16/12/2024,4.24,21/11/2024,10/1/2025,18,26/12/2024,DeepSeek,DeepSeek V3,Latest DeepSeek,2024,11
DGS1,17/12/2024,4.25,22/11/2024,11/1/2025,18,26/12/2024,DeepSeek,DeepSeek V3,Latest DeepSeek,2024,12
DGS1,18/12/2024,4.3,23/11/2024,12/1/2025,18,26/12/2024,DeepSeek,DeepSeek V3,Latest DeepSeek,2024,13
DGS1,19/12/2024,4.28,24/11/2024,13/1/2025,18,26/12/2024,DeepSeek,DeepSeek V3,Latest DeepSeek,2024,14
DGS1,20/12/2024,4.27,25/11/2024,14/1/2025,18,26/12/2024,DeepSeek,DeepSeek V3,Latest DeepSeek,2024,15
DGS1,23/12/2024,4.26,28/11/2024,17/1/2025,18,26/12/2024,DeepSeek,DeepSeek V3,Latest DeepSeek,2024,16
DGS1,24/12/2024,4.24,29/11/2024,18/1/2025,18,26/12/2024,DeepSeek,DeepSeek V3,Latest DeepSeek,2024,17
DGS1,26/12/2024,4.23,1/12/2024,20/1/2025,18,26/12/2024,DeepSeek,DeepSeek V3,Latest DeepSeek,2024,18
DGS1,27/12/2024,4.2,2/12/2024,21/1/2025,18,26/12/2024,DeepSeek,DeepSeek V3,Latest DeepSeek,2024,19
DGS1,30/12/2024,4.17,5/12/2024,24/1/2025,18,26/12/2024,DeepSeek,DeepSeek V3,Latest DeepSeek,2024,20
DGS1,31/12/2024,4.16,6/12/2024,25/1/2025,18,26/12/2024,DeepSeek,DeepSeek V3,Latest DeepSeek,2024,21
DGS1,2/1/2025,4.17,8/12/2024,27/1/2025,18,26/12/2024,DeepSeek,DeepSeek V3,Latest DeepSeek,2024,22
DGS1,3/1/2025,4.18,9/12/2024,28/1/2025,18,26/12/2024,DeepSeek,DeepSeek V3,Latest DeepSeek,2024,23
DGS1,6/1/2025,4.17,12/12/2024,31/1/2025,18,26/12/2024,DeepSeek,DeepSeek V3,Latest DeepSeek,2024,24
DGS1,7/1/2025,4.19,13/12/2024,1/2/2025,18,26/12/2024,DeepSeek,DeepSeek V3,Latest DeepSeek,2024,25
DGS1,8/1/2025,4.19,14/12/2024,2/2/2025,18,26/12/2024,DeepSeek,DeepSeek V3,Latest DeepSeek,2024,26
DGS1,9/1/2025,4.16,15/12/2024,3/2/2025,18,26/12/2024,DeepSeek,DeepSeek V3,Latest DeepSeek,2024,27
DGS1,10/1/2025,4.25,16/12/2024,4/2/2025,18,26/12/2024,DeepSeek,DeepSeek V3,Latest DeepSeek,2024,28
DGS1,13/1/2025,4.24,19/12/2024,7/2/2025,18,26/12/2024,DeepSeek,DeepSeek V3,Latest DeepSeek,2024,29
DGS1,14/1/2025,4.22,20/12/2024,8/2/2025,18,26/12/2024,DeepSeek,DeepSeek V3,Latest DeepSeek,2024,30
DGS1,15/1/2025,4.19,21/12/2024,9/2/2025,18,26/12/2024,DeepSeek,DeepSeek V3,Latest DeepSeek,2024,31
DGS1,16/1/2025,4.18,22/12/2024,10/2/2025,18,26/12/2024,DeepSeek,DeepSeek V3,Latest DeepSeek,2024,32
DGS1,17/1/2025,4.21,23/12/2024,11/2/2025,18,26/12/2024,DeepSeek,DeepSeek V3,Latest DeepSeek,2024,33
